train,IMG_7219_mov-0082_jpg.rf.00b61b46bb3ee883507ad44ec9b7bc8e.jpg
train,IMG_7219_mov-0380_jpg.rf.041cffa3d4c28794af3b0e17cff1e88c.jpg
train,IMG_7242_mov-0070_jpg.rf.0383a81414f577afde76127621d72c0a.jpg
train,IMG_7242_mov-0103_jpg.rf.0a7a56c5b424ac1e7a207f62f23ef450.jpg
train,IMG_7225_mov-0252_jpg.rf.0d9bf0a9de20a6aaa8d83964fc9735cd.jpg
train,IMG_7219_mov-0308_jpg.rf.0c58c2d0930e15db2c6e73b79ae7b665.jpg
train,IMG_7242_mov-0102_jpg.rf.1e9a508905555181921d6cebd955a9a1.jpg
train,IMG_7219_mov-0390_jpg.rf.27f03e29f8219dd31f701cc3dbb34eda.jpg
train,IMG_7219_mov-0151_jpg.rf.270ac933797c8e157d05c10ca9652516.jpg
train,IMG_7225_mov-0193_jpg.rf.2894885d394188629a8153443965539f.jpg
train,IMG_7242_mov-0196_jpg.rf.298943c4da1b7202511844a6339dcbe1.jpg
train,IMG_7219_mov-0456_jpg.rf.285b18c61a0713c384d4a45b7ff92b44.jpg
train,IMG_7219_mov-0455_jpg.rf.2ec24c964b7e99ed83873ed55cfa3c39.jpg
train,IMG_7243_mov-0403_jpg.rf.366ecef46f4178ada22ea4be2c5402f3.jpg
train,IMG_7243_mov-0175_jpg.rf.387fc1b3ad2f01170aec49e5e69991f0.jpg
train,IMG_7243_mov-0195_jpg.rf.34401446e1cbde666136463112b90601.jpg
train,IMG_7219_mov-0009_jpg.rf.37379d56661596d023f6fc95e7f6eb76.jpg
train,IMG_7242_mov-0513_jpg.rf.3fb4b626133a6f9487f57db2d554bce1.jpg
train,IMG_7243_mov-0321_jpg.rf.3f819f3f9624a0751942482462ac365b.jpg
train,IMG_7219_mov-0038_jpg.rf.409e557d66c06bfb01d3f506604b133a.jpg
train,IMG_7219_mov-0400_jpg.rf.3f3adcb3837fb2711f4a7877186c3598.jpg
train,IMG_7242_mov-0211_jpg.rf.45b9d9cd611c8b2f121dc29bb50e058b.jpg
train,IMG_7243_mov-0236_jpg.rf.40e448537b9a31b937ab05c1b9419e04.jpg
train,IMG_7225_mov-0119_jpg.rf.4781329c128e69fd2c7d7ea9e5531902.jpg
train,IMG_7225_mov-0168_jpg.rf.48a070648a7fec1be7d0349b2b824a54.jpg
train,IMG_7219_mov-0112_jpg.rf.4ad675f1312645b448fc1d7328b5cae1.jpg
train,IMG_7225_mov-0094_jpg.rf.bb0327f867d4fe93ac8cc3118763dac9.jpg
train,IMG_7225_mov-0250_jpg.rf.ca2f640ade2b9150f7de1fc4d17f9968.jpg
train,IMG_7225_mov-0226_jpg.rf.cfc44d17db80331b8af5d611f02b56cd.jpg
train,IMG_7225_mov-0101_jpg.rf.caa3ba7b566b26d90a7ad5784bed3f9f.jpg
train,IMG_7242_mov-0078_jpg.rf.c8cfda69638f9341f73d6b801c7618f1.jpg
train,IMG_7242_mov-0361_jpg.rf.d3e8b830ea08231e1acb755030d2c076.jpg
train,IMG_7242_mov-0335_jpg.rf.dec5a0b376d73f81d7cb9e4cbfff95a1.jpg
train,IMG_7219_mov-0037_jpg.rf.e730019c45822bd6fbf306a26a237efc.jpg
train,IMG_7219_mov-0319_jpg.rf.e63b7fd68ec3ab1360aae4f803167a13.jpg
train,IMG_7242_mov-0055_jpg.rf.e7f72e8fc2a487aa60447e2b7670e9e7.jpg
train,IMG_7219_mov-0338_jpg.rf.e4ae4c06bb0a38c867497c56dba4b3c9.jpg
train,IMG_7243_mov-0369_jpg.rf.e9c101e2b9551372d9f5a0e732414467.jpg
train,IMG_7219_mov-0213_jpg.rf.f7af16fb97eb3a715b377936cead8353.jpg
train,IMG_7219_mov-0392_jpg.rf.ff41a6b0dbc745603bb189cb324e4304.jpg
train,IMG_7243_mov-0375_jpg.rf.52b049a4cfbae0190efb4fcf4f297743.jpg
train,IMG_7219_mov-0046_jpg.rf.5adb4b7dfd97e15efd83722f7cf2251a.jpg
train,IMG_7225_mov-0155_jpg.rf.542114c7b1051b88b2438056d6ada197.jpg
train,IMG_7242_mov-0324_jpg.rf.502cac4e7e748a2be3085896586a8bf6.jpg
train,IMG_7242_mov-0101_jpg.rf.575efb9aa3dd3eb95ae5a09518dc8625.jpg
train,IMG_7242_mov-0156_jpg.rf.4f9df26a3c8957d338c735cecdd64fef.jpg
train,IMG_7219_mov-0045_jpg.rf.5020c381f3c8f47ee0ace245a880b2f6.jpg
train,IMG_7219_mov-0098_jpg.rf.5ec15b7c642afc4abffeed3a91d100a6.jpg
train,IMG_7225_mov-0259_jpg.rf.6054ad39c118abf2448ba5e92c71e8aa.jpg
train,IMG_7242_mov-0245_jpg.rf.607e0e01b47e24438dca439d95e21d3f.jpg
train,IMG_7225_mov-0182_jpg.rf.600d7709e72c22b603ea027ed7dd7e08.jpg
train,IMG_7219_mov-0010_jpg.rf.5d34db428b0f4f3bdc8630292104713e.jpg
train,IMG_7219_mov-0017_jpg.rf.6c4a30b73eaa1a3ab7832fd1be428af4.jpg
train,IMG_7243_mov-0115_jpg.rf.6d551cc01163a78c5cd417d081adc1ad.jpg
train,IMG_7219_mov-0150_jpg.rf.668b1b23cb8a83cc68418bcd4954afac.jpg
train,IMG_7225_mov-0093_jpg.rf.66cc257be3f5f90c0e02824bffedb4ac.jpg
train,IMG_7225_mov-0373_jpg.rf.6fedfb48bbae54934b13e1c072467cd5.jpg
train,IMG_7225_mov-0120_jpg.rf.7239de1ec0d75f560dc30de981278932.jpg
train,IMG_7219_mov-0355_jpg.rf.781c642797830a3203cff79d5856d4fc.jpg
train,IMG_7219_mov-0142_jpg.rf.814e0d5308b80fdcf50711238711bf3e.jpg
train,IMG_7219_mov-0339_jpg.rf.83fbae1d1ffc07138de1c782f697668f.jpg
train,IMG_7219_mov-0309_jpg.rf.8023b112cf3b06c8b50011fcf11599d4.jpg
train,IMG_7225_mov-0298_jpg.rf.851f971dc65e784462050199bd36bed7.jpg
train,IMG_7242_mov-0297_jpg.rf.86e3c1a07dde9f7b74d2e9ebab334b23.jpg
train,IMG_7219_mov-0198_jpg.rf.8c3013e0a1c9c4a610ea87d4c2136728.jpg
train,IMG_7219_mov-0118_jpg.rf.8af044875220d64fbabec7a640c63000.jpg
train,IMG_7242_mov-0336_jpg.rf.8a1b6f5bd8013f45e583515be7e7cd52.jpg
train,IMG_7243_mov-0391_jpg.rf.8ebe66e663b48e668bd43c803895b168.jpg
train,IMG_7225_mov-0338_jpg.rf.91a6bd4def30f0e7652aae6d773115b6.jpg
train,IMG_7219_mov-0018_jpg.rf.95f8d18954089f26c68fd6a74532cab4.jpg
train,IMG_7243_mov-0296_jpg.rf.94391719dee9f2ab823df521f32fc8e0.jpg
train,IMG_7225_mov-0272_jpg.rf.937c20930ca445aefde9186e2d7e0179.jpg
train,IMG_7243_mov-0313_jpg.rf.9545573be8d1862d7314ac45302ff054.jpg
train,IMG_7219_mov-0044_jpg.rf.9ced12001be27744172c1305fa81442b.jpg
train,IMG_7243_mov-0166_jpg.rf.9d7ae15e666e576f0c1da22c0700aa4b.jpg
train,IMG_7243_mov-0337_jpg.rf.a1b01521c9702cc7c0b9660503fe84d4.jpg
train,IMG_7225_mov-0169_jpg.rf.a46a93aaa755dff649e22176b7728e48.jpg
train,IMG_7243_mov-0113_jpg.rf.a6cde3886f63900b25121b8076c6f031.jpg
train,IMG_7242_mov-0079_jpg.rf.ada2995d80142da0b078189203c0fee0.jpg
train,IMG_7243_mov-0196_jpg.rf.b2319a720de8bd837cb130e16312b766.jpg
train,IMG_7219_mov-0190_jpg.rf.a9767f82c8d54bba3a487d4d05329fb6.jpg
train,IMG_7225_mov-0260_jpg.rf.b8a0da19c03e8a792d2c9e4ecfddb21e.jpg
train,IMG_7219_mov-0099_jpg.rf.b7d208ea22f676c2985744ec13de023e.jpg
test,IMG_7219_mov-0072_jpg.rf.2870cc9de48973c8ec2c4c153950e8fa.jpg
test,IMG_7243_mov-0314_jpg.rf.1fe0edfddf02f8f1a426636518d24723.jpg
test,IMG_7219_mov-0174_jpg.rf.2c91013169f18475b76fa088c965889a.jpg
test,IMG_7242_mov-0246_jpg.rf.36289fdf6221f0d5dc19b436802bbbe9.jpg
test,2014-2015-NFHS-Volleyball-Signals-for-Referee-R1-produced-by-ZONI_mp4-0598_jpg.rf.35c2a27903ee7ac6f8d09b3fd510e2d2.jpg
test,IMG_7242_mov-0125_jpg.rf.3593511b55ae1138937cbc201e3312bd.jpg
test,IMG_7219_mov-0354_jpg.rf.a4fc1b9b7f78c2b2fb37ce19dd053bce.jpg
test,IMG_7238_mov-0160_jpg.rf.36d354736d9b7f97ee2baa5daea207d2.jpg
test,IMG_7225_mov-0307_jpg.rf.9b18864db5e75d7310e6ffeace0a4fb3.jpg
test,IMG_7225_mov-0274_jpg.rf.b364d4404b3c9089072d336b998c597a.jpg
test,IMG_7219_mov-0163_jpg.rf.e02337f6eda336741c862aba4396a3aa.jpg
test,IMG_7242_mov-0189_jpg.rf.ec0cdeca71c5da18d8a5ffa07d494907.jpg
test,IMG_7219_mov-0175_jpg.rf.e3a853864706cb1969dc421b438fcaa6.jpg
valid,IMG_7219_mov-0189_jpg.rf.b4e667be48c2d57542224c8a74e1213a.jpg
valid,IMG_7225_mov-0395_jpg.rf.bf86b0dc286e1dffcf7de7eed426dab6.jpg
valid,IMG_7243_mov-0255_jpg.rf.96b95a3358ed339be8791bda97f97814.jpg
valid,IMG_7219_mov-0240_jpg.rf.c4022e88eda1ead2b7708a24363fbf4d.jpg
valid,IMG_7242_mov-0430_jpg.rf.ac5bd0daa5fe2cd9f7dcec9cd166887c.jpg
valid,IMG_7225_mov-0153_jpg.rf.d3aaca51736efd93a02652414a22ee8d.jpg
valid,IMG_7242_mov-0456_jpg.rf.da146671535b776eff8cf1e7ccd2139d.jpg
valid,IMG_7219_mov-0199_jpg.rf.e373f411edae8a13d03b7b234181583a.jpg
valid,IMG_7219_mov-0008_jpg.rf.f91f9925d6df3bcc3d90a23f8b893590.jpg
valid,IMG_7219_mov-0220_jpg.rf.ffdf0163d273f5a8053ad429cd415783.jpg
valid,IMG_7219_mov-0277_jpg.rf.27799d8d0de62b6f1e2c8506bcf3873b.jpg
valid,IMG_7243_mov-0224_jpg.rf.111f028b6074727b1615ec3f2c1b748f.jpg
valid,IMG_7242_mov-0481_jpg.rf.477131a5fad69c3b89c9450e4ed81ebe.jpg
valid,IMG_7219_mov-0417_jpg.rf.4acabaa0bb79224e6f2cb770fbcfc5c0.jpg
valid,IMG_7219_mov-0039_jpg.rf.5dd82095bd7c0fd0b1cffae95266a750.jpg
valid,IMG_7219_mov-0278_jpg.rf.63cb722cd772e42ce4c60efd18dbcdce.jpg
valid,IMG_7219_mov-0119_jpg.rf.6701ccdb1b013274c4ac490a9bfc5fc3.jpg
valid,IMG_7225_mov-0404_jpg.rf.61cc1346f5e56ff0be0dbce7393618e6.jpg
valid,IMG_7243_mov-0187_jpg.rf.67674a58f5010ab0e28d9752b867a388.jpg
